neighborhood,premisescounty,venue_count,avg_subway_entrances,avg_complaints,subway_score,safety_score,competition_score,popupiq_score,boro_check,ntaname,boroname
Annadale-Huguenot-Prince's Bay-Woodrow,Richmond,5,2.4,10.2,3.6363636363636362,99.04225352112675,99.31412894375858,60.9,Staten Island,Annadale-Huguenot-Prince's Bay-Woodrow,Staten Island
Rockaway Beach-Arverne-Edgemere,Queens,15,5.466666666666667,59.0,8.282828282828284,94.46009389671362,97.94238683127571,60.7,Queens,Rockaway Beach-Arverne-Edgemere,Queens
South Ozone Park,Queens,59,4.983050847457627,28.728813559322035,7.550077041602465,97.30245882072094,91.90672153635117,60.3,Queens,South Ozone Park,Queens
Borough Park,Kings,9,5.888888888888889,95.44444444444444,8.922558922558924,91.03808033385499,98.76543209876543,59.7,Brooklyn,Borough Park,Brooklyn
Windsor Terrace-South Slope,Kings,23,4.3478260869565215,61.95652173913044,6.587615283267456,94.18248622167789,96.84499314128944,59.7,Brooklyn,Windsor Terrace-South Slope,Brooklyn
Arden Heights-Rossville,Richmond,7,0.0,10.142857142857142,0.0,99.04761904761905,99.039780521262,59.4,Staten Island,Arden Heights-Rossville,Staten Island
Springfield Gardens (South)-Brookville,Queens,13,0.0,6.461538461538462,0.0,99.39328277356447,98.21673525377228,59.4,Queens,Springfield Gardens (South)-Brookville,Queens
New Springville-Willowbrook-Bulls Head-Travis,Richmond,11,0.0,12.0,0.0,98.87323943661971,98.49108367626886,59.2,Staten Island,New Springville-Willowbrook-Bulls Head-Travis,Staten Island
Bellerose,Queens,8,0.0,18.875,0.0,98.22769953051643,98.90260631001372,59.1,Queens,Bellerose,Queens
Great Kills-Eltingville,Richmond,51,1.7647058823529411,14.411764705882353,2.6737967914438503,98.64678265672467,93.00411522633745,59.1,Staten Island,Great Kills-Eltingville,Staten Island
Breezy Point-Belle Harbor-Rockaway Park-Broad Channel,Queens,25,0.56,21.04,0.8484848484848486,98.0244131455399,96.57064471879286,58.9,Queens,Breezy Point-Belle Harbor-Rockaway Park-Broad Channel,Queens
Glen Oaks-Floral Park-New Hyde Park,Queens,10,0.0,23.0,0.0,97.84037558685445,98.62825788751715,58.9,Queens,Glen Oaks-Floral Park-New Hyde Park,Queens
Bay Terrace-Clearview,Queens,14,0.0,21.714285714285715,0.0,97.96109993293092,98.079561042524,58.8,Queens,Bay Terrace-Clearview,Queens
Kew Gardens,Queens,5,3.0,77.4,4.545454545454546,92.73239436619718,99.31412894375858,58.8,Queens,Kew Gardens,Queens
Rosebank-Shore Acres-Park Hill,Richmond,9,0.1111111111111111,28.666666666666668,0.16835016835016833,97.30829420970267,98.76543209876543,58.7,Staten Island,Rosebank-Shore Acres-Park Hill,Staten Island
Mapleton-Midwood (West),Kings,11,2.8181818181818183,71.45454545454545,4.2699724517906334,93.29065300896286,98.49108367626886,58.7,Brooklyn,Mapleton-Midwood (West),Brooklyn
Douglaston-Little Neck,Queens,29,0.0,18.275862068965516,0.0,98.28395661324268,96.02194787379973,58.5,Queens,Douglaston-Little Neck,Queens
Gravesend (West),Kings,25,4.12,87.12,6.242424242424242,91.81971830985916,96.57064471879286,58.5,Brooklyn,Gravesend (West),Brooklyn
Riverdale-Spuyten Duyvil,Bronx,15,0.8,41.46666666666667,1.2121212121212122,96.10641627543036,97.94238683127571,58.5,Bronx,Riverdale-Spuyten Duyvil,Bronx
Tottenville-Charleston,Richmond,40,0.475,18.125,0.7196969696969696,98.2981220657277,94.51303155006858,58.5,Staten Island,Tottenville-Charleston,Staten Island
Oakland Gardens-Hollis Hills,Queens,8,0.0,34.75,0.0,96.73708920187794,98.90260631001372,58.5,Queens,Oakland Gardens-Hollis Hills,Queens
Grasmere-Arrochar-South Beach-Dongan Hills,Richmond,44,1.3409090909090908,29.522727272727273,2.03168044077135,97.22791293213828,93.96433470507544,58.5,Staten Island,Grasmere-Arrochar-South Beach-Dongan Hills,Staten Island
Dyker Heights,Kings,21,3.1904761904761907,75.19047619047619,4.834054834054834,92.93986139056561,97.11934156378601,58.5,Brooklyn,Dyker Heights,Brooklyn
West New Brighton-Silver Lake-Grymes Hill,Richmond,29,0.0,20.620689655172413,0.0,98.063785008904,96.02194787379973,58.4,Staten Island,West New Brighton-Silver Lake-Grymes Hill,Staten Island
Whitestone-Beechhurst,Queens,22,0.0,29.681818181818183,0.0,97.21297481860861,96.98216735253772,58.3,Queens,Whitestone-Beechhurst,Queens
Queensbridge-Ravenswood-Dutch Kills,Queens,8,6.375,142.375,9.659090909090908,86.63145539906102,98.90260631001372,58.3,Queens,Queensbridge-Ravenswood-Dutch Kills,Queens
Mariner's Harbor-Arlington-Graniteville,Richmond,9,0.0,37.77777777777778,0.0,96.45279081898799,98.76543209876543,58.3,Staten Island,Mariner's Harbor-Arlington-Graniteville,Staten Island
Pomonok-Electchester-Hillcrest,Queens,8,0.0,40.875,0.0,96.16197183098592,98.90260631001372,58.2,Queens,Pomonok-Electchester-Hillcrest,Queens
Laurelton,Queens,5,0.0,44.4,0.0,95.83098591549296,99.31412894375858,58.2,Queens,Laurelton,Queens
New Dorp-Midland Beach,Richmond,36,1.6388888888888888,47.333333333333336,2.483164983164983,95.55555555555556,95.06172839506173,58.2,Staten Island,New Dorp-Midland Beach,Staten Island
Middle Village,Queens,8,0.0,45.75,0.0,95.70422535211267,98.90260631001372,58.1,Queens,Middle Village,Queens
Howard Beach-Lindenwood,Queens,18,0.2222222222222222,40.77777777777778,0.33670033670033667,96.17110067814293,97.53086419753086,58.1,Queens,Howard Beach-Lindenwood,Queens
Long Island City-Hunters Point,Queens,69,9.971014492753623,163.0144927536232,15.10759771629337,84.69347485881472,90.53497942386831,58.0,Queens,Long Island City-Hunters Point,Queens
St. Albans,Queens,6,0.0,48.166666666666664,0.0,95.4773082942097,99.1769547325103,58.0,Queens,St. Albans,Queens
Todt Hill-Emerson Hill-Lighthouse Hill-Manor Heights,Richmond,30,0.3,36.46666666666667,0.45454545454545453,96.57589984350548,95.88477366255144,58.0,Staten Island,Todt Hill-Emerson Hill-Lighthouse Hill-Manor Heights,Staten Island
Westerleigh-Castleton Corners,Richmond,23,0.0,35.65217391304348,0.0,96.65237803633394,96.84499314128944,58.0,Staten Island,Westerleigh-Castleton Corners,Staten Island
Jamaica Estates-Holliswood,Queens,10,3.6,103.5,5.454545454545455,90.28169014084507,98.62825788751715,58.0,Queens,Jamaica Estates-Holliswood,Queens
Glendale,Queens,23,0.6521739130434783,49.78260869565217,0.9881422924901186,95.32557664829557,96.84499314128944,57.9,Queens,Glendale,Queens
Ozone Park,Queens,8,0.5,57.0,0.7575757575757576,94.64788732394366,98.90260631001372,57.9,Queens,Ozone Park,Queens
Financial District-Battery Park City,New York,465,42.63870967741936,405.22795698924733,64.60410557184751,61.950426573779595,36.21399176954733,57.9,Manhattan,Financial District-Battery Park City,Manhattan
Fresh Meadows-Utopia,Queens,10,0.0,49.1,0.0,95.38967136150235,98.62825788751715,57.9,Queens,Fresh Meadows-Utopia,Queens
Springfield Gardens (North)-Rochdale Village,Queens,5,0.0,55.2,0.0,94.8169014084507,99.31412894375858,57.8,Queens,Springfield Gardens (North)-Rochdale Village,Queens
Pelham Bay-Country Club-City Island,Bronx,31,0.9354838709677419,53.41935483870968,1.4173998044965785,94.98409813721037,95.74759945130316,57.7,Bronx,Pelham Bay-Country Club-City Island,Bronx
Madison,Kings,13,0.38461538461538464,61.30769230769231,0.5827505827505828,94.24340917298663,98.21673525377228,57.6,Brooklyn,Madison,Brooklyn
Auburndale,Queens,29,0.0,46.44827586206897,0.0,95.63865954346771,96.02194787379973,57.5,Queens,Auburndale,Queens
Marine Park-Mill Basin-Bergen Beach,Kings,15,0.0,56.0,0.0,94.74178403755869,97.94238683127571,57.5,Brooklyn,Marine Park-Mill Basin-Bergen Beach,Brooklyn
Kew Gardens Hills,Queens,16,0.0,54.8125,0.0,94.85328638497651,97.80521262002743,57.5,Queens,Kew Gardens Hills,Queens
Flatbush (West)-Ditmas Park-Parkville,Kings,6,1.6666666666666667,89.33333333333333,2.525252525252525,91.61189358372457,99.1769547325103,57.5,Brooklyn,Flatbush (West)-Ditmas Park-Parkville,Brooklyn
Rego Park,Queens,17,4.764705882352941,136.23529411764707,7.219251336898395,87.20795360397679,97.66803840877914,57.3,Queens,Rego Park,Queens
Richmond Hill,Queens,29,2.310344827586207,87.17241379310344,3.5005224660397074,91.81479682693865,96.02194787379973,57.3,Queens,Richmond Hill,Queens
Ozone Park (North),Queens,19,3.0,105.94736842105263,4.545454545454546,90.05189028910304,97.39368998628258,57.3,Queens,Ozone Park (North),Queens
College Point,Queens,30,0.0,54.3,0.0,94.90140845070422,95.88477366255144,57.1,Queens,College Point,Queens
Bensonhurst,Kings,52,3.576923076923077,97.46153846153847,5.41958041958042,90.84868183459733,92.86694101508917,57.1,Brooklyn,Bensonhurst,Brooklyn
Queens Village,Queens,6,0.0,73.33333333333333,0.0,93.11424100156495,99.1769547325103,57.1,Queens,Queens Village,Queens
Astoria (East)-Woodside (North),Queens,14,2.0,101.21428571428571,3.0303030303030303,90.49631120053655,98.079561042524,57.0,Queens,Astoria (East)-Woodside (North),Queens
Baisley Park,Queens,6,0.0,76.5,0.0,92.8169014084507,99.1769547325103,57.0,Queens,Baisley Park,Queens
Flatlands,Kings,19,0.0,65.3157894736842,0.0,93.86706202125032,97.39368998628258,57.0,Brooklyn,Flatlands,Brooklyn
Queensboro Hill,Queens,10,0.0,73.3,0.0,93.11737089201878,98.62825788751715,57.0,Queens,Queensboro Hill,Queens
Canarsie,Kings,6,0.6666666666666666,88.66666666666667,1.01010101010101,91.67449139280124,99.1769547325103,56.9,Brooklyn,Canarsie,Brooklyn
Midwood,Kings,8,1.75,106.125,2.6515151515151514,90.03521126760563,98.90260631001372,56.9,Brooklyn,Midwood,Brooklyn
Maspeth,Queens,38,0.02631578947368421,58.89473684210526,0.03987240829346093,94.46997776130466,94.78737997256516,56.8,Queens,Maspeth,Queens
South Richmond Hill,Queens,21,4.333333333333333,140.61904761904762,6.565656565656565,86.79633355689693,97.11934156378601,56.8,Queens,South Richmond Hill,Queens
Bayside,Queens,44,0.0,56.93181818181818,0.0,94.65428937259924,93.96433470507544,56.7,Queens,Bayside,Queens
Bay Ridge,Kings,83,4.301204819277109,97.03614457831326,6.51697699890471,90.88862492222411,88.61454046639233,56.7,Brooklyn,Bay Ridge,Brooklyn
Prospect Heights,Kings,37,4.108108108108108,129.51351351351352,6.2244062244062235,87.83910671234615,94.92455418381344,56.6,Brooklyn,Prospect Heights,Brooklyn
Port Richmond,Richmond,14,0.0,79.14285714285714,0.0,92.56874580818243,98.079561042524,56.6,Staten Island,Port Richmond,Staten Island
Gravesend (East)-Homecrest,Kings,22,1.5,101.95454545454545,2.272727272727273,90.42680324370465,96.98216735253772,56.5,Brooklyn,Gravesend (East)-Homecrest,Brooklyn
Tompkinsville-Stapleton-Clifton-Fox Hills,Richmond,18,2.111111111111111,115.0,3.1986531986531985,89.2018779342723,97.53086419753086,56.5,Staten Island,Tompkinsville-Stapleton-Clifton-Fox Hills,Staten Island
Coney Island-Sea Gate,Kings,39,6.461538461538462,171.53846153846155,9.79020979020979,83.89310220296136,94.65020576131687,56.4,Brooklyn,Coney Island-Sea Gate,Brooklyn
East Flatbush-Farragut,Kings,9,0.0,92.33333333333333,0.0,91.3302034428795,98.76543209876543,56.3,Brooklyn,East Flatbush-Farragut,Brooklyn
East Flushing,Queens,19,0.0,83.94736842105263,0.0,92.11761798863355,97.39368998628258,56.3,Queens,East Flushing,Queens
Kensington,Kings,9,0.1111111111111111,93.22222222222223,0.16835016835016833,91.24673969744393,98.76543209876543,56.3,Brooklyn,Kensington,Brooklyn
Old Astoria-Hallets Point,Queens,12,0.4166666666666667,96.83333333333333,0.6313131313131313,90.9076682316119,98.35390946502058,56.3,Queens,Old Astoria-Hallets Point,Queens
Fort Greene,Kings,128,15.0625,254.4765625,22.821969696969695,76.10548708920189,82.44170096021948,56.1,Brooklyn,Fort Greene,Brooklyn
Kingsbridge-Marble Hill,Bronx,23,1.6956521739130435,116.78260869565217,2.5691699604743086,89.03449683608899,96.84499314128944,56.0,Bronx,Kingsbridge-Marble Hill,Bronx
Sheepshead Bay-Manhattan Beach-Gerritsen Beach,Kings,52,0.6346153846153846,82.17307692307692,0.9615384615384615,92.28421812928855,92.86694101508917,55.9,Brooklyn,Sheepshead Bay-Manhattan Beach-Gerritsen Beach,Brooklyn
Sunnyside,Queens,77,6.311688311688312,154.3116883116883,9.563164108618654,85.51063959514664,89.43758573388203,55.9,Queens,Sunnyside,Queens
Forest Hills,Queens,107,4.168224299065421,100.26168224299066,6.315491362220335,90.58575753586942,85.32235939643347,55.8,Queens,Forest Hills,Queens
Park Slope,Kings,103,8.54368932038835,176.92233009708738,12.944983818770226,83.38757463877113,85.87105624142661,55.7,Brooklyn,Park Slope,Brooklyn
Throgs Neck-Schuylerville,Bronx,54,0.1111111111111111,76.12962962962963,0.16835016835016833,92.85167796904886,92.5925925925926,55.7,Bronx,Throgs Neck-Schuylerville,Bronx
Co-op City,Bronx,15,0.2,110.73333333333333,0.30303030303030304,89.60250391236306,97.94238683127571,55.6,Bronx,Co-op City,Bronx
Clinton Hill,Kings,15,4.333333333333333,177.6,6.565656565656565,83.32394366197184,97.94238683127571,55.5,Brooklyn,Clinton Hill,Brooklyn
Astoria (North)-Ditmars-Steinway,Queens,98,4.928571428571429,129.25510204081633,7.467532467532467,87.86337070039284,86.55692729766804,55.4,Queens,Astoria (North)-Ditmars-Steinway,Queens
Ridgewood,Queens,56,2.375,125.83928571428571,3.5984848484848486,88.1841046277666,92.31824417009602,55.2,Queens,Ridgewood,Queens
St. George-New Brighton,Richmond,17,1.588235294117647,141.2941176470588,2.406417112299465,86.73294669980669,97.66803840877914,55.2,Staten Island,St. George-New Brighton,Staten Island
Brooklyn Heights,Kings,75,7.64,195.86666666666667,11.575757575757576,81.60876369327073,89.7119341563786,55.2,Brooklyn,Brooklyn Heights,Brooklyn
Pelham Gardens,Bronx,6,0.5,136.66666666666666,0.7575757575757576,87.16744913928012,99.1769547325103,55.0,Bronx,Pelham Gardens,Bronx
Westchester Square,Bronx,10,0.9,144.1,1.3636363636363638,86.4694835680751,98.62825788751715,54.9,Bronx,Westchester Square,Bronx
Pelham Parkway-Van Nest,Bronx,17,1.0588235294117647,142.23529411764707,1.6042780748663104,86.64457332228666,97.66803840877914,54.8,Bronx,Pelham Parkway-Van Nest,Bronx
Jamaica Hills-Briarwood,Queens,11,6.454545454545454,238.9090909090909,9.77961432506887,77.56722151088348,98.49108367626886,54.6,Queens,Jamaica Hills-Briarwood,Queens
East New York-New Lots,Kings,16,0.5,139.6875,0.7575757575757576,86.88380281690141,97.80521262002743,54.6,Brooklyn,East New York-New Lots,Brooklyn
East Flatbush-Rugby,Kings,7,0.0,143.14285714285714,0.0,86.55935613682092,99.039780521262,54.4,Brooklyn,East Flatbush-Rugby,Brooklyn
Bushwick (East),Kings,13,3.3846153846153846,196.23076923076923,5.128205128205128,81.57457565908271,98.21673525377228,54.3,Brooklyn,Bushwick (East),Brooklyn
Eastchester-Edenwald-Baychester,Bronx,6,0.5,155.83333333333334,0.7575757575757576,85.36776212832551,99.1769547325103,54.3,Bronx,Eastchester-Edenwald-Baychester,Bronx
Cypress Hills,Kings,23,3.217391304347826,189.2173913043478,4.874835309617918,82.23310879771381,96.84499314128944,54.2,Brooklyn,Cypress Hills,Brooklyn
East Elmhurst,Queens,13,0.0,145.15384615384616,0.0,86.37053087757313,98.21673525377228,54.2,Queens,East Elmhurst,Queens
Wakefield-Woodlawn,Bronx,9,2.888888888888889,197.0,4.377104377104377,81.50234741784037,98.76543209876543,54.1,Bronx,Wakefield-Woodlawn,Bronx
Crown Heights (South),Kings,8,4.0,219.0,6.0606060606060606,79.43661971830987,98.90260631001372,54.0,Brooklyn,Crown Heights (South),Brooklyn
Concourse-Concourse Village,Bronx,90,14.466666666666667,326.18888888888887,21.91919191919192,69.37193531559728,87.65432098765432,54.0,Bronx,Concourse-Concourse Village,Bronx
Carroll Gardens-Cobble Hill-Gowanus-Red Hook,Kings,176,3.9318181818181817,98.74431818181819,5.957300275482093,90.72823303457106,75.85733882030179,53.8,Brooklyn,Carroll Gardens-Cobble Hill-Gowanus-Red Hook,Brooklyn
Prospect Lefferts Gardens-Wingate,Kings,23,2.217391304347826,186.43478260869566,3.3596837944664033,82.49438660951213,96.84499314128944,53.7,Brooklyn,Prospect Lefferts Gardens-Wingate,Brooklyn
Kingsbridge Heights-Van Cortlandt Village,Bronx,18,4.333333333333333,223.61111111111111,6.565656565656565,79.00365153886281,97.53086419753086,53.7,Bronx,Kingsbridge Heights-Van Cortlandt Village,Bronx
East Midtown-Turtle Bay,New York,170,17.58235294117647,335.8,26.63992869875223,68.46948356807512,76.6803840877915,53.4,Manhattan,East Midtown-Turtle Bay,Manhattan
Sunset Park (West),Kings,98,3.326530612244898,162.6734693877551,5.040197897340755,84.72549583213566,86.55692729766804,53.2,Brooklyn,Sunset Park (West),Brooklyn
Astoria (Central),Queens,139,4.863309352517986,164.79856115107913,7.36865053411816,84.5259566994292,80.93278463648834,52.9,Queens,Astoria (Central),Queens
Flushing-Willets Point,Queens,150,7.626666666666667,203.83333333333334,11.555555555555557,80.86071987480439,79.42386831275721,52.9,Queens,Flushing-Willets Point,Queens
Hunts Point,Bronx,8,3.625,243.75,5.492424242424242,77.11267605633803,98.90260631001372,52.8,Bronx,Hunts Point,Bronx
Crown Heights (North),Kings,50,4.74,244.88,7.1818181818181825,77.00657276995305,93.14128943758573,52.3,Brooklyn,Crown Heights (North),Brooklyn
Greenpoint,Kings,186,5.967741935483871,168.26344086021504,9.042033235581624,84.20061588166995,74.48559670781893,52.2,Brooklyn,Greenpoint,Brooklyn
Corona,Queens,27,2.0,221.40740740740742,3.0303030303030303,79.21057207442183,96.2962962962963,52.2,Queens,Corona,Queens
South Williamsburg,Kings,18,6.5,298.3333333333333,9.848484848484848,71.98748043818466,97.53086419753086,52.2,Brooklyn,South Williamsburg,Brooklyn
Inwood,New York,35,8.4,319.51428571428573,12.727272727272728,69.99865861837694,95.19890260631001,52.1,Manhattan,Inwood,Manhattan
Castle Hill-Unionport,Bronx,15,1.6666666666666667,227.53333333333333,2.525252525252525,78.63536776212833,97.94238683127571,52.1,Bronx,Castle Hill-Unionport,Bronx
Tribeca-Civic Center,New York,117,20.35042735042735,452.95726495726495,30.833980833980835,57.46880141246338,83.9506172839506,52.1,Manhattan,Tribeca-Civic Center,Manhattan
Flatbush,Kings,38,2.736842105263158,226.68421052631578,4.146730462519936,78.71509760316285,94.78737997256516,52.1,Brooklyn,Flatbush,Brooklyn
Woodside,Queens,83,9.012048192771084,297.6024096385542,13.654618473895583,72.05611177102777,88.61454046639233,52.0,Queens,Woodside,Queens
Elmhurst,Queens,55,4.454545454545454,244.74545454545455,6.749311294765839,77.0192061459667,92.45541838134432,52.0,Queens,Elmhurst,Queens
Murray Hill-Broadway Flushing,Queens,151,3.76158940397351,168.82119205298014,5.6993778848083485,84.14824487765445,79.28669410150891,51.8,Queens,Murray Hill-Broadway Flushing,Queens
Stuyvesant Town-Peter Cooper Village,New York,8,5.625,314.375,8.522727272727272,70.48122065727699,98.90260631001372,51.4,Manhattan,Stuyvesant Town-Peter Cooper Village,Manhattan
Sunset Park (Central),Kings,26,2.230769230769231,250.26923076923077,3.37995337995338,76.5005417118093,96.43347050754458,51.2,Brooklyn,Sunset Park (Central),Brooklyn
East Williamsburg,Kings,143,6.566433566433567,235.7902097902098,9.949141767323585,77.86007419810237,80.38408779149519,51.2,Brooklyn,East Williamsburg,Brooklyn
Norwood,Bronx,9,2.6666666666666665,274.44444444444446,4.04040404040404,74.23056859676578,98.76543209876543,51.1,Bronx,Norwood,Bronx
Bedford-Stuyvesant (West),Kings,44,3.522727272727273,264.3863636363636,5.3374655647382925,75.1749893299189,93.96433470507544,51.0,Brooklyn,Bedford-Stuyvesant (West),Brooklyn
Downtown Brooklyn-DUMBO-Boerum Hill,Kings,133,14.691729323308271,383.7218045112782,22.260195944406473,63.96978361396448,81.75582990397805,50.8,Brooklyn,Downtown Brooklyn-DUMBO-Boerum Hill,Brooklyn
Washington Heights (North),New York,63,5.285714285714286,287.14285714285717,8.008658008658008,73.03822937625755,91.35802469135803,50.7,Manhattan,Washington Heights (North),Manhattan
Bushwick (West),Kings,34,9.176470588235293,376.70588235294116,13.903743315508022,64.62855564761117,95.33607681755831,50.5,Brooklyn,Bushwick (West),Brooklyn
Upper West Side-Lincoln Square,New York,116,11.689655172413794,355.73275862068965,17.711598746081506,66.59786304031084,84.0877914951989,50.5,Manhattan,Upper West Side-Lincoln Square,Manhattan
Upper West Side-Manhattan Valley,New York,45,5.688888888888889,319.1111111111111,8.61952861952862,70.03651538862808,93.82716049382715,50.2,Manhattan,Upper West Side-Manhattan Valley,Manhattan
Upper East Side-Yorkville,New York,28,5.392857142857143,327.92857142857144,8.170995670995671,69.20858484238765,96.15912208504801,50.2,Manhattan,Upper East Side-Yorkville,Manhattan
Bedford-Stuyvesant (East),Kings,66,2.6818181818181817,260.43939393939394,4.0633608815427,75.54559681320245,90.94650205761316,50.0,Brooklyn,Bedford-Stuyvesant (East),Brooklyn
Far Rockaway-Bayswater,Queens,6,0.8333333333333334,274.3333333333333,1.2626262626262625,74.24100156494524,99.1769547325103,50.0,Queens,Far Rockaway-Bayswater,Queens
Williamsbridge-Olinville,Bronx,12,2.25,297.75,3.4090909090909087,72.04225352112677,98.35390946502058,49.9,Bronx,Williamsbridge-Olinville,Bronx
Bedford Park,Bronx,9,5.555555555555555,353.0,8.417508417508417,66.8544600938967,98.76543209876543,49.9,Bronx,Bedford Park,Bronx
East New York (North),Kings,6,2.5,308.6666666666667,3.787878787878788,71.01721439749609,99.1769547325103,49.8,Brooklyn,East New York (North),Brooklyn
Morningside Heights,New York,49,5.918367346938775,337.6734693877551,8.967223252937538,68.29357094950656,93.27846364883402,49.6,Manhattan,Morningside Heights,Manhattan
Williamsburg,Kings,227,8.110132158590309,246.9339207048458,12.288079028167134,76.81371636574218,68.86145404663924,49.4,Brooklyn,Williamsburg,Brooklyn
Brownsville,Kings,6,1.5,302.3333333333333,2.272727272727273,71.61189358372457,99.1769547325103,49.4,Brooklyn,Brownsville,Brooklyn
Upper West Side (Central),New York,139,8.223021582733812,332.6546762589928,12.459123610202747,68.76481913061102,80.93278463648834,48.7,Manhattan,Upper West Side (Central),Manhattan
North Corona,Queens,30,4.333333333333333,347.96666666666664,6.565656565656565,67.32707355242566,95.88477366255144,48.7,Queens,North Corona,Queens
Crotona Park East,Bronx,7,3.2857142857142856,352.57142857142856,4.978354978354979,66.89470154258888,99.039780521262,48.6,Bronx,Crotona Park East,Bronx
Jamaica,Queens,20,5.35,375.8,8.106060606060606,64.71361502347418,97.25651577503429,48.6,Queens,Jamaica,Queens
Upper East Side-Lenox Hill-Roosevelt Island,New York,152,7.993421052631579,322.0921052631579,12.111244019138756,69.75660983444527,79.14951989026063,48.6,Manhattan,Upper East Side-Lenox Hill-Roosevelt Island,Manhattan
Hamilton Heights-Sugar Hill,New York,33,6.121212121212121,381.8484848484849,9.274563820018365,64.1456821738512,95.47325102880659,48.5,Manhattan,Hamilton Heights-Sugar Hill,Manhattan
Manhattanville-West Harlem,New York,21,7.0,404.1904761904762,10.606060606060606,62.04784261122289,97.11934156378601,48.5,Manhattan,Manhattanville-West Harlem,Manhattan
University Heights (North)-Fordham,Bronx,10,4.2,375.2,6.363636363636364,64.7699530516432,98.62825788751715,48.2,Bronx,University Heights (North)-Fordham,Bronx
Ocean Hill,Kings,7,3.0,364.7142857142857,4.545454545454546,65.75452716297787,99.039780521262,47.9,Brooklyn,Ocean Hill,Brooklyn
Harlem (North),New York,12,8.916666666666666,461.4166666666667,13.510101010101009,56.67449139280125,98.35390946502058,47.7,Manhattan,Harlem (North),Manhattan
Murray Hill-Kips Bay,New York,62,7.387096774193548,414.6774193548387,11.192570869990224,61.06315311222173,91.49519890260632,47.2,Manhattan,Murray Hill-Kips Bay,Manhattan
Gramercy,New York,11,10.909090909090908,525.5454545454545,16.52892561983471,50.65300896286813,98.49108367626886,46.6,Manhattan,Gramercy,Manhattan
Washington Heights (South),New York,38,11.342105263157896,511.7368421052632,17.185007974481657,51.94959229058562,94.78737997256516,46.6,Manhattan,Washington Heights (South),Manhattan
Jackson Heights,Queens,127,2.921259842519685,316.1968503937008,4.426151276544978,70.31015489261026,82.57887517146776,46.4,Queens,Jackson Heights,Queens
Upper East Side-Carnegie Hill,New York,215,11.493023255813954,390.93488372093026,17.41367159971811,63.29249918113331,70.50754458161865,46.4,Manhattan,Upper East Side-Carnegie Hill,Manhattan
Allerton,Bronx,6,3.3333333333333335,417.5,5.05050505050505,60.798122065727696,99.1769547325103,46.2,Bronx,Allerton,Bronx
Soundview-Bruckner-Bronx River,Bronx,19,3.4210526315789473,410.57894736842104,5.18341307814992,61.44798616258957,97.39368998628258,46.1,Bronx,Soundview-Bruckner-Bronx River,Bronx
East Harlem (North),New York,8,1.25,384.625,1.893939393939394,63.88497652582159,98.90260631001372,46.1,Manhattan,East Harlem (North),Manhattan
Belmont,Bronx,45,0.3111111111111111,358.6,0.47138047138047134,66.32863849765258,93.82716049382715,45.5,Bronx,Belmont,Bronx
University Heights (South)-Morris Heights,Bronx,18,5.333333333333333,502.05555555555554,8.08080808080808,52.85863328116849,97.53086419753086,43.9,Bronx,University Heights (South)-Morris Heights,Bronx
Mount Eden-Claremont (West),Bronx,10,10.7,592.9,16.21212121212121,44.328638497652584,98.62825788751715,43.9,Bronx,Mount Eden-Claremont (West),Bronx
Morrisania,Bronx,5,2.4,472.4,3.6363636363636362,55.643192488262905,99.31412894375858,43.6,Bronx,Morrisania,Bronx
Mott Haven-Port Morris,Bronx,42,6.571428571428571,527.2142857142857,9.956709956709958,50.49631120053656,94.23868312757202,43.0,Bronx,Mott Haven-Port Morris,Bronx
Tremont,Bronx,25,0.0,448.2,0.0,57.91549295774647,96.57064471879286,42.5,Bronx,Tremont,Bronx
West Village,New York,304,14.990131578947368,513.9078947368421,22.71232057416268,51.74573758339511,58.29903978052127,41.4,Manhattan,West Village,Manhattan
East Harlem (South),New York,46,4.6521739130434785,544.4130434782609,7.04874835309618,48.881404368238414,93.68998628257887,41.1,Manhattan,East Harlem (South),Manhattan
Harlem (South),New York,34,5.735294117647059,596.0882352941177,8.689839572192513,44.02927368130351,95.33607681755831,40.2,Manhattan,Harlem (South),Manhattan
Melrose,Bronx,10,4.4,627.8,6.666666666666667,41.051643192488264,98.62825788751715,38.8,Bronx,Melrose,Bronx
Mount Hope,Bronx,12,2.3333333333333335,594.3333333333334,3.535353535353536,44.19405320813771,98.35390946502058,38.8,Bronx,Mount Hope,Bronx
Chinatown-Two Bridges,New York,74,10.905405405405405,692.4054054054054,16.52334152334152,34.98540794315442,89.84910836762688,38.6,Manhattan,Chinatown-Two Bridges,Manhattan
East Village,New York,277,8.628158844765343,529.9566787003611,13.072967946614156,50.23880951170319,62.002743484224965,37.7,Manhattan,East Village,Manhattan
Fordham Heights,Bronx,20,8.9,766.05,13.484848484848486,28.07042253521127,97.25651577503429,36.1,Bronx,Fordham Heights,Bronx
SoHo-Little Italy-Hudson Square,New York,294,19.517006802721088,766.7108843537414,29.571222428365285,28.00836766631536,59.67078189300412,35.0,Manhattan,SoHo-Little Italy-Hudson Square,Manhattan
Greenwich Village,New York,241,19.37759336099585,811.6473029045643,29.359989940902803,23.788985642763915,66.94101508916323,34.6,Manhattan,Greenwich Village,Manhattan
Midtown-Times Square,New York,729,33.47325102880659,695.8587105624142,50.71704701334331,34.66115393780148,0.0,34.2,Manhattan,Midtown-Times Square,Manhattan
Lower East Side,New York,193,9.202072538860104,782.1139896373057,13.942534149788036,26.562066700722465,73.52537722908093,30.9,Manhattan,Lower East Side,Manhattan
Midtown South-Flatiron-Union Square,New York,582,32.16494845360825,885.4914089347079,48.73477038425492,16.855266766694086,20.16460905349794,30.3,Manhattan,Midtown South-Flatiron-Union Square,Manhattan
Hell's Kitchen,New York,565,30.47787610619469,914.224778761062,46.17860016090105,14.157297768914368,22.496570644718794,28.6,Manhattan,Hell's Kitchen,Manhattan
Chelsea-Hudson Yards,New York,569,19.321616871704745,792.9068541300527,29.27517707834052,25.548652194361253,21.94787379972565,26.3,Manhattan,Chelsea-Hudson Yards,Manhattan
